model_name,original_name,pathogen,name,n_compounds,n_positives,n_added_negatives,n_added_decoys,auroc_mean,auroc_std,auprc_mean,auprc_std,baseline_auprc_mean,baseline_auprc_std,bedroc_mean,bedroc_std,baseline_bedroc_mean,baseline_bedroc_std,w1,w2,w3,w4,w5,w6,w_screen,final_weight,final_normalized_weight,decision_cutoff_rank,screening_auc,sensitivity_at_cutoff,portfolio,model_size_total_mb,oof_auc_cddd_mean,oof_auc_cddd_std,oof_auc_chemeleon_mean,oof_auc_chemeleon_std,oof_auc_clamp_mean,oof_auc_clamp_std,oof_auc_morgan_mean,oof_auc_morgan_std,oof_auc_rdkit_mean,oof_auc_rdkit_std
chembl_single_point_0,SP_0000,pfalciparum,SP_0000,147560,480,0,0,0.9222,0.0133,0.2919,0.0441,0.0033,0.0,0.6273,0.0279,0.0516,0.0,1.0,0.7407,0.6448,0.8035,1.0,0.3267,0.3393,0.6936,2.4577,0.65,0.8018,0.2646,RF;XGB,92.256,,,0.9028,0.0034,0.913,0.0027,0.9032,0.0047,,
chembl_single_point_1,SP_0001,pfalciparum,SP_0001,55965,1874,0,0,0.9436,0.0037,0.6169,0.0162,0.0335,0.0,0.7394,0.0116,0.0686,0.0,1.0,0.8121,0.8018,0.8601,0.7554,0.5486,0.5587,0.7624,2.7015,0.65,0.8676,0.3527,RF;XGB,52.95,0.9303,0.0018,0.9351,0.0021,0.9275,0.0015,,,,
chembl_single_point_2,SP_0002,pfalciparum,SP_0002,33900,357,0,0,0.9227,0.0118,0.3854,0.0422,0.0105,0.0001,0.6656,0.0307,0.0554,0.0001,1.0,0.7423,0.6894,0.823,0.6328,0.2857,0.1743,0.6211,2.2008,0.65,0.7523,0.4062,RF;XGB,21.851,,,0.8911,0.0051,0.8966,0.0049,0.8944,0.0076,,
chembl_single_point_3,SP_0006,pfalciparum,SP_0006,20662,71,0,0,0.9968,0.0045,0.7514,0.1133,0.0034,0.0001,0.9655,0.0297,0.0517,0.0,1.0,0.9894,0.8753,0.9818,0.5592,0.0262,0.9403,0.7675,2.7195,0.65,0.9821,0.8592,RF;XGB,8.155,,,0.9953,0.0039,0.9971,0.0008,,,0.9958,0.0019
chembl_single_point_4,SP_0003,pfalciparum,SP_0003,15912,7956,2438,0,0.8789,0.0025,0.8723,0.0057,0.5,0.0001,0.9591,0.0101,0.5,0.0001,0.6936,0.5963,0.4136,0.5101,0.5328,0.8864,0.537,0.5957,2.1108,0.65,0.8611,0.3042,RF;XGB,28.198,,,0.8474,0.0019,0.8792,0.0017,,,,
chembl_single_point_5,SP_0004,pfalciparum,SP_0004,603,184,0,0,0.8868,0.0148,0.814,0.0213,0.3051,0.0031,0.9347,0.0573,0.3058,0.0031,1.0,0.6225,0.4588,0.5672,0.1397,0.1675,0.0,0.4222,1.496,0.65,0.6946,0.3641,LR;RF;SVC;XGB,15.362,,,0.8649,0.0109,0.8758,0.0154,0.8744,0.0126,0.8487,
chembl_single_point_6,SP_0007,pfalciparum,SP_0007,250,125,6,0,0.9338,0.0243,0.9343,0.0247,0.5,0.0,0.9971,0.0027,0.5,0.0,0.952,0.7792,0.4826,0.5523,0.0417,0.0938,0.6477,0.507,1.7965,0.65,0.8943,0.568,LR;RF;SVC;XGB,3.762,,,0.9333,0.0077,0.929,0.0066,,,,
chembl_dose_response_00,DR_0010,pfalciparum,DR_0010,29588,14794,14148,0,0.9767,0.0021,0.9803,0.0015,0.5,0.0001,0.9995,0.0004,0.5,0.0001,0.0437,0.9222,0.5336,0.555,0.6088,1.0,0.7363,0.6285,2.227,0.65,0.9209,0.5233,RF;XGB,63.396,,,0.9702,0.0006,0.9682,0.0007,0.9716,0.0009,,
chembl_dose_response_01,DR_0000,pfalciparum,DR_0000,13456,6728,3418,0,0.9679,0.004,0.9697,0.0041,0.5,0.0002,0.9974,0.0019,0.5,0.0002,0.492,0.8931,0.5219,0.5527,0.5192,0.8182,0.8413,0.6626,2.3478,0.65,0.9524,0.663,RF;XGB,18.108,,,0.9647,0.002,0.9612,0.0016,,,,
chembl_dose_response_02,DR_0002,pfalciparum,DR_0002,9448,4724,3359,0,0.8875,0.0094,0.8899,0.0082,0.5,0.0002,0.9749,0.0056,0.5,0.0002,0.289,0.625,0.4332,0.5277,0.4847,0.7069,0.466,0.5046,1.788,0.65,0.8398,0.3457,RF;XGB,37.472,,,0.874,0.004,0.8781,0.0041,0.8754,0.0039,,
chembl_dose_response_03,DR_0001,pfalciparum,DR_0001,9146,4573,2522,0,0.9116,0.007,0.9145,0.0066,0.5,0.0003,0.9846,0.0064,0.5,0.0003,0.4485,0.7053,0.4606,0.5384,0.4763,0.6985,0.598,0.5608,1.9871,0.65,0.8794,0.4067,RF;XGB,34.961,,,0.8958,0.0017,0.9018,0.0032,0.8976,0.0002,,
chembl_dose_response_04,DR_0003,pfalciparum,DR_0003,8444,4222,2219,0,0.9581,0.0038,0.954,0.0066,0.5,0.0003,0.9895,0.0049,0.5,0.0003,0.4744,0.8605,0.5044,0.5439,0.4568,0.679,0.8857,0.6292,2.2295,0.65,0.9657,0.7688,RF;XGB,25.678,,,0.9505,0.0015,0.9477,0.002,0.954,0.0013,,
chembl_dose_response_05,DR_0004,pfalciparum,DR_0004,5596,2798,670,0,0.9536,0.005,0.9526,0.0101,0.5,0.0004,0.9852,0.0126,0.5,0.0004,0.7605,0.8454,0.5029,0.5391,0.3777,0.5999,0.822,0.6354,2.2515,0.65,0.9466,0.7119,RF;XGB,9.052,,,0.9499,0.001,0.9467,0.0023,0.9497,0.0008,,
chembl_dose_response_06,DR_0005,pfalciparum,DR_0005,3368,1684,1022,0,0.9298,0.0066,0.9293,0.0099,0.5,0.0005,0.9778,0.0136,0.5,0.0005,0.3931,0.7661,0.477,0.5309,0.3158,0.538,0.6797,0.5287,1.8734,0.65,0.9039,0.4733,LR;RF;SVC;XGB,16.061,,,0.9195,0.003,0.9245,0.0029,0.9167,0.002,,
chembl_dose_response_07,DR_0007,pfalciparum,DR_0007,2006,1003,227,0,0.8459,0.011,0.847,0.0178,0.5,0.0012,0.9436,0.0389,0.5,0.0012,0.7737,0.4864,0.3855,0.4929,0.2779,0.5002,0.615,0.5045,1.7876,0.65,0.8845,0.4726,LR;RF;SVC;XGB,12.205,,,0.84,0.005,0.8531,0.0048,0.8335,,0.8325,0.0078
chembl_dose_response_08,DR_0006,pfalciparum,DR_0006,1904,952,157,0,0.8358,0.0219,0.8391,0.0331,0.5,0.0013,0.9351,0.0525,0.5,0.0013,0.8351,0.4528,0.3768,0.4834,0.2751,0.484,0.5683,0.4965,1.7593,0.65,0.8705,0.4737,LR;RF;SVC;XGB,9.821,,,0.836,0.0085,0.8466,0.0085,0.8363,0.0086,0.8356,0.0023
chembl_dose_response_09,DR_0012,pfalciparum,DR_0012,1748,874,650,0,0.8804,0.0104,0.8786,0.0216,0.5,0.001,0.9569,0.0279,0.5,0.001,0.2563,0.6013,0.4207,0.5077,0.2708,0.458,0.3807,0.4136,1.4655,0.65,0.8142,0.1602,LR;RF;SVC;XGB,10.085,,,0.8819,0.0023,0.8723,0.0051,0.864,0.0063,,
chembl_dose_response_10,DR_0008,pfalciparum,DR_0008,1722,861,299,0,0.8867,0.008,0.8594,0.0193,0.5,0.001,0.9194,0.0492,0.5,0.001,0.6527,0.6224,0.3993,0.466,0.2701,0.4537,0.9883,0.5504,1.9503,0.65,0.9965,0.9605,LR;RF;SVC;XGB,8.556,,,0.8881,0.0046,0.8879,0.0037,0.8916,,0.8799,0.002
chembl_dose_response_11,DR_0011,pfalciparum,DR_0011,1712,856,490,0,0.8994,0.016,0.9117,0.0166,0.5,0.0011,0.9958,0.0031,0.5,0.0011,0.4276,0.6645,0.4574,0.5509,0.2698,0.452,0.6113,0.4905,1.738,0.65,0.8834,0.4439,LR;RF;SVC;XGB,7.934,,,0.9015,0.0063,0.8866,0.0048,0.886,0.0068,0.8894,
chembl_dose_response_12,DR_0013,pfalciparum,DR_0013,1558,779,238,0,0.8585,0.0288,0.8746,0.0251,0.5,0.0011,0.981,0.0182,0.5,0.0011,0.6945,0.5283,0.4162,0.5344,0.2655,0.4263,0.4817,0.4781,1.6941,0.65,0.8445,0.4737,LR;RF;SVC;XGB,13.037,,,0.871,0.0093,0.85,0.0012,0.8635,0.0046,,
chembl_dose_response_13,DR_0014,pfalciparum,DR_0014,1366,683,131,0,0.922,0.0137,0.9367,0.0129,0.5,0.0018,0.9919,0.0138,0.5,0.0018,0.8082,0.7399,0.4852,0.5466,0.2602,0.3943,0.631,0.5522,1.9566,0.65,0.8893,0.612,LR;RF;SVC;XGB,9.838,,,0.9163,0.0067,0.9235,0.0024,0.9273,,0.9175,0.0059
chembl_dose_response_14,DR_0015,pfalciparum,DR_0015,1123,475,0,0,0.866,0.0475,0.855,0.0455,0.423,0.001,0.9825,0.0111,0.4231,0.001,1.0,0.5535,0.4311,0.5583,0.2534,0.325,0.3673,0.4984,1.766,0.65,0.8102,0.4042,LR;RF;SVC;XGB,8.322,,,0.8515,0.0119,0.8483,0.0159,0.843,0.0137,0.8425,0.0023
chembl_dose_response_15,DR_0009,pfalciparum,DR_0009,1115,282,0,0,0.8954,0.0297,0.7947,0.0313,0.2529,0.0025,0.9146,0.0241,0.2546,0.0024,1.0,0.6514,0.4816,0.5867,0.2532,0.2607,0.5717,0.5436,1.9262,0.65,0.8715,0.5071,LR;RF;SVC;XGB,6.655,,,0.8843,0.0118,0.8821,0.0108,0.8734,0.0037,,
chembl_dose_response_16,DR_0020,pfalciparum,DR_0020,976,488,355,0,0.9225,0.0108,0.9228,0.0127,0.5,0.0026,0.9877,0.0067,0.5,0.0026,0.2725,0.7417,0.4698,0.5419,0.2433,0.3293,0.642,0.4629,1.6402,0.65,0.8926,0.4344,LR;RF;SVC;XGB,7.802,,,0.9054,0.0047,0.9119,0.0065,0.9111,0.0057,,
chembl_dose_response_17,DR_0016,pfalciparum,DR_0016,876,438,18,0,0.8959,0.0241,0.9033,0.0249,0.5,0.0029,0.9814,0.0145,0.5,0.0029,0.9589,0.6529,0.4481,0.5349,0.2156,0.3127,0.5317,0.5221,1.85,0.65,0.8595,0.532,LR;RF;SVC;XGB,6.82,,,0.8854,0.0078,0.8764,0.0074,0.8932,,0.8834,0.0053
chembl_dose_response_18,DR_0017,pfalciparum,DR_0017,722,361,159,0,0.9371,0.0226,0.9298,0.0269,0.5,0.0024,0.9714,0.0507,0.5,0.0024,0.5596,0.7902,0.4775,0.5238,0.1728,0.287,0.8287,0.5199,1.8422,0.65,0.9486,0.6898,LR;RF;SVC;XGB,8.098,,,0.9223,0.0071,0.9253,0.0073,,,,
chembl_dose_response_19,DR_0022,pfalciparum,DR_0022,596,298,150,0,0.8691,0.0333,0.8705,0.0316,0.5,0.0042,0.9713,0.0177,0.5,0.0042,0.4966,0.5635,0.4117,0.5236,0.1378,0.266,0.6853,0.4406,1.5612,0.65,0.9056,0.6208,LR;RF;SVC;XGB,13.766,,,0.8752,0.0066,0.8634,0.0105,0.8852,0.0097,0.8619,
chembl_dose_response_20,DR_0019,pfalciparum,DR_0019,578,215,0,0,0.8209,0.0489,0.7559,0.0724,0.372,0.0018,0.8754,0.0888,0.3722,0.0018,1.0,0.4029,0.363,0.4759,0.1328,0.2062,0.4253,0.4294,1.5215,0.65,0.8276,0.5116,LR;RF;SVC;XGB,9.598,,,0.7966,0.0194,0.8016,0.0246,0.8116,,0.804,0.0192
chembl_dose_response_21,DR_0021,pfalciparum,DR_0021,480,240,98,0,0.9872,0.0121,0.9799,0.0252,0.5,0.0,0.9795,0.045,0.5,0.0,0.5917,0.9572,0.5332,0.5328,0.1056,0.2375,0.9997,0.5654,2.0034,0.65,0.9999,1.0,LR;RF;SVC;XGB,4.252,,,0.9863,0.0043,0.9836,0.0022,,,0.9835,0.0023
chembl_dose_response_22,DR_0018,pfalciparum,DR_0018,476,238,16,0,0.9316,0.0311,0.9419,0.0188,0.5,0.0053,0.9979,0.0027,0.5,0.0053,0.9328,0.7721,0.491,0.5532,0.1044,0.235,0.7383,0.5467,1.9372,0.65,0.9215,0.8067,LR;RF;SVC;XGB,7.078,,,0.9359,0.007,,,0.9423,0.0055,0.937,0.0017
chembl_dose_response_chembl3137666,DR_0023,pfalciparum,DR_0023,148,74,30,0,0.9087,0.0444,0.8867,0.0531,0.5,0.0122,0.9246,0.1013,0.5,0.0122,0.5946,0.6956,0.4297,0.4718,0.0133,0.03,0.9993,0.462,1.637,0.65,0.9998,1.0,LR;RF;SVC;XGB,4.487,0.8807,0.0104,0.8816,0.0193,0.8719,,0.8935,0.0155,,
pubchem_0,1159554_merged4,pfalciparum,1159554_merged4,92674,2223,0,0,0.932,0.0041,0.3964,0.0144,0.024,0.0,0.6177,0.0098,0.063,0.0001,1.0,0.7734,0.6908,0.7856,0.9593,0.5679,0.5607,0.7625,2.7018,0.65,0.8682,0.7301,RF;XGB,42.993,,,0.9288,0.0009,0.922,0.0017,,,,
pubchem_1,504320_merged2,pfalciparum,504320_merged2,1967,48,0,0,0.952,0.0233,0.4649,0.096,0.0244,0.0014,0.6595,0.1166,0.0632,0.0008,1.0,0.84,0.7258,0.8183,0.2769,0.0,0.649,0.6157,2.1816,0.65,0.8947,0.4792,LR;RF;SVC;XGB,2.486,,,0.8712,0.0238,0.958,0.0077,0.9102,0.0026,0.8724,
pubchem_2,504316_pooled2,pfalciparum,504316_pooled2,1736,197,0,0,0.9415,0.0189,0.739,0.0521,0.1135,0.0015,0.8072,0.039,0.1266,0.0012,1.0,0.8049,0.659,0.6883,0.2704,0.1837,0.74,0.6209,2.2001,0.65,0.922,0.533,LR;RF;SVC;XGB,5.063,,,0.8967,0.0096,0.945,0.0071,,,0.9146,0.0062
pubchem_3,488752_merged2,pfalciparum,488752_merged2,1112,191,0,0,0.9564,0.0188,0.8255,0.0416,0.1718,0.0018,0.8815,0.0251,0.1774,0.0016,1.0,0.8548,0.6061,0.6484,0.2531,0.1762,0.5713,0.5871,2.0803,0.65,0.8714,0.1885,LR;RF;SVC;XGB,6.57,,,0.8414,0.0127,0.958,0.0034,,,0.8398,0.0166
pubchem_4,1886_merged3,pfalciparum,1886_merged3,1109,454,0,0,0.9626,0.0122,0.9542,0.012,0.4094,0.0012,0.9971,0.0015,0.4095,0.0012,1.0,0.8753,0.5352,0.5773,0.253,0.318,0.2093,0.5383,1.9074,0.65,0.7628,0.1476,LR;RF;SVC;XGB,7.056,,,0.8817,0.006,0.9754,0.0026,,,0.8728,0.0022
pubchem_5,652047_merged2,pfalciparum,652047_merged2,498,249,220,0,0.9375,0.0179,0.9294,0.0206,0.5,0.0036,0.9743,0.0259,0.5,0.0035,0.1165,0.7917,0.4771,0.527,0.1106,0.2487,0.631,0.4147,1.4694,0.65,0.8893,0.3373,LR;RF;SVC;XGB,7.825,,,0.8593,0.0159,0.9466,0.0026,,,0.8524,0.0099
pubchem_aid504832,504832,pfalciparum,504832,238178,18052,0,0,0.9516,0.0015,0.7596,0.0074,0.0758,0.0,0.8315,0.0054,0.0971,0.0,1.0,0.8387,0.8699,0.8269,1.0,1.0,0.185,0.8172,2.8956,0.65,0.7555,0.0663,RF;XGB,221.495,,,0.8958,0.0013,0.956,0.0005,,,,
pubchem_aid504834,504834,pfalciparum,504834,219635,22332,0,0,0.8168,0.003,0.4803,0.009,0.1017,0.0,0.6102,0.0093,0.117,0.0,1.0,0.3893,0.4176,0.5135,1.0,1.0,0.0,0.6172,2.187,0.65,0.5889,0.0469,RF;XGB,184.637,,,0.7391,0.0035,0.8268,0.0022,,,,
pubchem_aid1347417,1347417,pfalciparum,1347417,96643,5316,0,0,0.9134,0.0053,0.5191,0.0168,0.055,0.0,0.6502,0.0134,0.0824,0.0,1.0,0.7114,0.7143,0.6922,0.9813,0.7398,0.4117,0.7501,2.6579,0.65,0.8235,0.2829,RF;XGB,132.157,,,0.8982,0.0012,0.8972,0.0021,0.8934,0.0019,,
pubchem_aid1347416,1347416,pfalciparum,1347416,3144,1572,68,0,0.9207,0.0123,0.921,0.0122,0.5,0.0008,0.9855,0.0113,0.5,0.0008,0.9567,0.7356,0.4678,0.5395,0.3096,0.5318,0.304,0.5493,1.9464,0.65,0.7912,0.1107,LR;RF;SVC;XGB,9.554,,,0.9056,0.0052,0.9157,0.0042,0.8961,0.0058,,
pubchem_aid504848,504848,pfalciparum,504848,2780,1390,1150,0,0.9009,0.0087,0.8916,0.0117,0.5,0.0,0.965,0.0087,0.5,0.0,0.1727,0.6697,0.4351,0.5166,0.2994,0.5217,0.2163,0.4045,1.4333,0.65,0.7649,0.1094,LR;RF;SVC;XGB,15.599,,,0.8607,0.0032,0.9065,0.0038,0.8214,,0.8554,0.0047
pubchem_aid504850,504850,pfalciparum,504850,2344,1172,828,0,0.9139,0.0135,0.9071,0.014,0.5,0.0011,0.9785,0.0077,0.5,0.0011,0.2935,0.7129,0.4523,0.5316,0.2873,0.5096,0.2527,0.4343,1.5389,0.65,0.7758,0.0589,LR;RF;SVC;XGB,14.33,,,0.8588,0.0069,0.9253,0.0037,,,0.8539,0.0025
pubchem_aid504315,504315,pfalciparum,504315,1646,85,0,0,0.9395,0.0193,0.6238,0.0245,0.0517,0.0001,0.7091,0.0153,0.0802,0.0,1.0,0.7985,0.8016,0.7776,0.2679,0.0437,0.6957,0.6264,2.2196,0.65,0.9087,0.5059,LR;RF;SVC;XGB,4.025,,,0.875,0.0055,0.9512,0.005,,,,
pubchem_aid1883,1883,pfalciparum,1883,1188,594,203,0,0.9563,0.0246,0.9594,0.0237,0.5,0.0015,0.9953,0.0074,0.5,0.0015,0.6582,0.8542,0.5104,0.5503,0.2552,0.3647,0.4463,0.5199,1.8422,0.65,0.8339,0.1633,LR;RF;SVC;XGB,7.417,,,0.914,0.0077,0.9689,0.0018,,,0.9097,0.0117
pubchem_aid1882,1882,pfalciparum,1882,1045,248,0,0,0.9571,0.0136,0.8951,0.0295,0.2373,0.0026,0.9604,0.0209,0.2394,0.0026,1.0,0.8571,0.5852,0.6412,0.2512,0.2475,0.4483,0.5758,2.0403,0.65,0.8345,0.2137,LR;RF;SVC;XGB,6.146,,,0.9015,0.0054,0.9795,0.001,,,0.8974,0.0035
pubchem_aid1876,1876,pfalciparum,1876,1011,364,0,0,0.9679,0.0062,0.9546,0.0108,0.36,0.0022,0.9948,0.0037,0.3603,0.0021,1.0,0.8931,0.5562,0.5938,0.2503,0.288,0.3067,0.5554,1.968,0.65,0.792,0.0907,LR;RF;SVC;XGB,4.697,,,0.8973,0.0067,0.9846,0.002,,,0.888,0.0047
pubchem_aid1877,1877,pfalciparum,1877,1007,296,0,0,0.9596,0.01,0.931,0.0146,0.2939,0.0018,0.9892,0.0047,0.2948,0.0018,1.0,0.8654,0.5715,0.6232,0.2502,0.2653,0.312,0.5554,1.968,0.65,0.7936,0.1486,LR;RF;SVC;XGB,6.036,,,0.9004,0.0071,0.9862,0.0021,,,0.8977,0.0073
pubchem_aid1815,1815,pfalciparum,1815,999,441,0,0,0.9727,0.0093,0.9613,0.0203,0.4414,0.0022,0.9791,0.0418,0.4415,0.0022,1.0,0.9091,0.5307,0.5489,0.2497,0.3137,0.0793,0.5188,1.8383,0.65,0.7238,0.0794,LR;RF;SVC;XGB,5.868,,,0.9171,0.0021,0.989,0.0015,,,0.9154,0.0041
pubchem_aid1159568,1159568,pfalciparum,1159568,320,160,148,0,0.9699,0.022,0.9629,0.0294,0.5,0.0,0.9924,0.0089,0.5,0.0,0.075,0.8997,0.5143,0.5471,0.0611,0.1375,0.9887,0.4605,1.6317,0.65,0.9966,0.9437,LR;RF;SVC;XGB,4.841,,,0.964,0.0099,0.9648,0.0101,,,0.9654,0.0045
pubchem_aid1347380,1347380,pfalciparum,1347380,200,73,0,0,0.7789,0.054,0.6705,0.1031,0.365,0.0137,0.748,0.2207,0.3652,0.0136,1.0,0.2631,0.2871,0.3598,0.0278,0.0288,0.145,0.3017,1.069,0.65,0.7435,0.274,LR;RF;SVC;XGB,3.816,,,0.7108,0.0292,0.735,0.0275,0.7125,0.0516,0.7334,0.0285
